MembershipID,StudentID,MembershipNumber,MembershipType,StartDate,ExpiryDate,Status
5001,1001,IEEE-2026-001,Student,05-01-2026,04-01-2027,Active
5002,1002,IEEE-2026-002,Student,07-01-2026,06-01-2027,Active
5003,1003,IEEE-2026-003,Student,10-01-2026,09-01-2027,Active
5004,1004,IEEE-2026-004,Student,12-01-2026,11-01-2027,Active
5005,1005,IEEE-2026-005,Student,15-01-2026,14-01-2027,Active
5006,1006,IEEE-2026-006,Student,18-01-2026,17-01-2027,Active
5007,1007,IEEE-2026-007,Student,20-01-2026,19-01-2027,Active
5008,1008,IEEE-2026-008,Student,22-01-2026,21-01-2027,Active
5009,1009,IEEE-2026-009,Student,25-01-2026,24-01-2027,Active
5010,1010,IEEE-2026-010,Student,28-01-2026,27-01-2027,Active
5011,1011,IEEE-2026-011,Student,01-02-2026,31-01-2027,Active
5012,1012,IEEE-2026-012,Student,03-02-2026,02-02-2027,Active
5013,1013,IEEE-2026-013,Student,05-02-2026,04-02-2027,Active
5014,1014,IEEE-2026-014,Student,08-02-2026,07-02-2027,Active
5015,1015,IEEE-2026-015,Student,10-02-2026,09-02-2027,Active
5016,1016,IEEE-2026-016,Student,12-02-2026,11-02-2027,Active
5017,1017,IEEE-2026-017,Student,15-02-2026,14-02-2027,Active
5018,1018,IEEE-2026-018,Student,17-02-2026,16-02-2027,Active
5019,1019,IEEE-2026-019,Student,20-02-2026,19-02-2027,Active
5020,1020,IEEE-2026-020,Student,22-02-2026,21-02-2027,Active
5021,1021,IEEE-2026-021,Student,25-02-2026,24-02-2027,Active
5022,1022,IEEE-2026-022,Student,27-02-2026,26-02-2027,Active
5023,1023,IEEE-2026-023,Student,01-03-2026,28-02-2027,Active
5024,1024,IEEE-2026-024,Student,03-03-2026,02-03-2027,Active
5025,1025,IEEE-2026-025,Student,05-03-2026,04-03-2027,Active
5026,1026,IEEE-2026-026,Student,08-03-2026,07-03-2027,Active
5027,1027,IEEE-2026-027,Student,10-03-2026,09-03-2027,Active
5028,1028,IEEE-2026-028,Student,12-03-2026,11-03-2027,Active
5029,1029,IEEE-2026-029,Student,15-03-2026,14-03-2027,Active
5030,1030,IEEE-2026-030,Student,17-03-2026,16-03-2027,Active
5031,1031,IEEE-2026-031,Student,20-03-2026,19-03-2027,Active
5032,1032,IEEE-2026-032,Student,22-03-2026,21-03-2027,Active
5033,1033,IEEE-2026-033,Student,25-03-2026,24-03-2027,Active
5034,1034,IEEE-2026-034,Student,27-03-2026,26-03-2027,Active
5035,1035,IEEE-2026-035,Student,29-03-2026,28-03-2027,Active
5036,1036,IEEE-2026-036,Student,01-04-2026,31-03-2027,Active
5037,1037,IEEE-2026-037,Student,03-04-2026,02-04-2027,Active
5038,1038,IEEE-2026-038,Student,05-04-2026,04-04-2027,Active
5039,1039,IEEE-2026-039,Student,08-04-2026,07-04-2027,Active
5040,1040,IEEE-2026-040,Student,10-04-2026,09-04-2027,Active
5041,1041,IEEE-2026-041,Student,12-04-2026,11-04-2027,Active
5042,1042,IEEE-2026-042,Student,15-04-2026,14-04-2027,Active
5043,1043,IEEE-2026-043,Student,17-04-2026,16-04-2027,Active
5044,1044,IEEE-2026-044,Student,20-04-2026,19-04-2027,Active
5045,1045,IEEE-2026-045,Student,22-04-2026,21-04-2027,Active
5046,1046,IEEE-2026-046,Student,25-04-2026,24-04-2027,Active
5047,1047,IEEE-2026-047,Student,27-04-2026,26-04-2027,Active
5048,1048,IEEE-2026-048,Student,29-04-2026,28-04-2027,Active
5049,1049,IEEE-2026-049,Student,01-05-2026,30-04-2027,Active
5050,1050,IEEE-2026-050,Student,03-05-2026,02-05-2027,Active
5051,1051,IEEE-2026-051,Student,05-05-2026,04-05-2027,Active
5052,1052,IEEE-2026-052,Student,08-05-2026,07-05-2027,Active
5053,1053,IEEE-2026-053,Student,10-05-2026,09-05-2027,Active
5054,1054,IEEE-2026-054,Student,12-05-2026,11-05-2027,Active
5055,1055,IEEE-2026-055,Student,15-05-2026,14-05-2027,Active
5056,1056,IEEE-2026-056,Student,17-05-2026,16-05-2027,Active
5057,1057,IEEE-2026-057,Student,20-05-2026,19-05-2027,Active
5058,1058,IEEE-2026-058,Student,22-05-2026,21-05-2027,Active
5059,1059,IEEE-2026-059,Student,25-05-2026,24-05-2027,Active
5060,1060,IEEE-2026-060,Student,27-05-2026,26-05-2027,Active
5061,1061,IEEE-2026-061,Student,30-05-2026,29-05-2027,Active
5062,1062,IEEE-2026-062,Student,01-06-2026,31-05-2027,Active
5063,1063,IEEE-2026-063,Student,04-06-2026,03-06-2027,Active
5064,1064,IEEE-2026-064,Student,06-06-2026,05-06-2027,Active
5065,1065,IEEE-2026-065,Student,09-06-2026,08-06-2027,Active
5066,1066,IEEE-2026-066,Student,11-06-2026,10-06-2027,Active
5067,1067,IEEE-2026-067,Student,14-06-2026,13-06-2027,Active
5068,1068,IEEE-2026-068,Student,16-06-2026,15-06-2027,Active
5069,1069,IEEE-2026-069,Student,19-06-2026,18-06-2027,Active
5070,1070,IEEE-2026-070,Student,21-06-2026,20-06-2027,Active
5071,1071,IEEE-2026-071,Student,24-06-2026,23-06-2027,Active
5072,1072,IEEE-2026-072,Student,26-06-2026,25-06-2027,Active
5073,1073,IEEE-2026-073,Student,29-06-2026,28-06-2027,Active
5074,1074,IEEE-2026-074,Student,01-07-2026,30-06-2027,Active
5075,1075,IEEE-2026-075,Student,03-07-2026,02-07-2027,Active
5076,1076,IEEE-2026-076,Student,06-07-2026,05-07-2027,Active
5077,1077,IEEE-2026-077,Student,08-07-2026,07-07-2027,Active
5078,1078,IEEE-2026-078,Student,10-07-2026,09-07-2027,Active
5079,1079,IEEE-2026-079,Student,13-07-2026,12-07-2027,Active
5080,1080,IEEE-2026-080,Student,15-07-2026,14-07-2027,Active
5081,1081,IEEE-2026-081,Student,18-07-2026,17-07-2027,Active
5082,1082,IEEE-2026-082,Student,20-07-2026,19-07-2027,Active
5083,1083,IEEE-2026-083,Student,22-07-2026,21-07-2027,Active
5084,1084,IEEE-2026-084,Student,25-07-2026,24-07-2027,Active
5085,1085,IEEE-2026-085,Student,27-07-2026,26-07-2027,Active
5086,1086,IEEE-2026-086,Student,30-07-2026,29-07-2027,Active
5087,1087,IEEE-2026-087,Student,01-08-2026,31-07-2027,Active
5088,1088,IEEE-2026-088,Student,03-08-2026,02-08-2027,Active
5089,1089,IEEE-2026-089,Student,05-08-2026,04-08-2027,Active
5090,1090,IEEE-2026-090,Student,08-08-2026,07-08-2027,Active
5091,1091,IEEE-2026-091,Student,10-01-2025,09-01-2026,Expired
5092,1092,IEEE-2026-092,Student,18-01-2025,17-01-2026,Expired
5093,1093,IEEE-2026-093,Student,05-02-2025,04-02-2026,Expired
5094,1094,IEEE-2026-094,Student,20-02-2025,19-02-2026,Expired
5095,1095,IEEE-2026-095,Student,12-03-2025,11-03-2026,Expired
5096,1096,IEEE-2026-096,Student,28-03-2025,27-03-2026,Expired
5097,1097,IEEE-2026-097,Student,14-04-2025,13-04-2026,Expired
5098,1098,IEEE-2026-098,Student,30-04-2025,29-04-2026,Expired
5099,1099,IEEE-2026-099,Student,15-05-2025,14-05-2026,Expired
5100,1100,IEEE-2026-100,Student,28-05-2025,27-05-2026,Expired
5101,1101,IEEE-2026-101,Student,10-06-2025,09-06-2026,Expired
5102,1102,IEEE-2026-102,Student,25-06-2025,24-06-2026,Expired
5103,1103,IEEE-2026-103,Student,08-07-2025,07-07-2026,Expired
5104,1104,IEEE-2026-104,Student,20-07-2025,19-07-2026,Expired
5105,1105,IEEE-2026-105,Student,03-08-2025,02-08-2026,Expired
5106,1106,IEEE-2026-106,Student,17-08-2025,16-08-2026,Expired
5107,1107,IEEE-2026-107,Student,01-09-2025,31-08-2026,Expired
5108,1108,IEEE-2026-108,Student,15-09-2025,14-09-2026,Expired
5109,1109,IEEE-2026-109,Student,01-10-2025,30-09-2026,Active
5110,1110,IEEE-2026-110,Student,15-10-2025,14-10-2026,Active
