RegistrationID,StudentID,EventID,RegistrationDate,Status,AttendanceStatus
6001,1001,4001,14-01-2026,Cancelled,Absent
6002,1012,4001,11-01-2026,Registered,Present
6003,1023,4001,08-01-2026,Registered,Present
6004,1034,4001,13-01-2026,Registered,Present
6005,1045,4001,10-01-2026,Registered,Present
6006,1056,4001,07-01-2026,Registered,Present
6007,1067,4001,12-01-2026,Registered,Present
6008,1078,4001,09-01-2026,Registered,Present
6009,1089,4001,14-01-2026,Registered,Present
6010,1100,4001,11-01-2026,Registered,Present
6011,1018,4002,20-01-2026,Registered,Present
6012,1029,4002,17-01-2026,Registered,Absent
6013,1040,4002,14-01-2026,Registered,Present
6014,1051,4002,19-01-2026,Registered,Absent
6015,1062,4002,16-01-2026,Registered,Present
6016,1073,4002,21-01-2026,Registered,Absent
6017,1084,4002,18-01-2026,Registered,Present
6018,1095,4002,15-01-2026,Registered,Absent
6019,1106,4002,20-01-2026,Registered,Present
6020,1117,4002,17-01-2026,Registered,Absent
6021,1035,4003,02-02-2026,Registered,Present
6022,1046,4003,30-01-2026,Registered,Present
6023,1057,4003,04-02-2026,Registered,Present
6024,1068,4003,01-02-2026,Registered,Present
6025,1079,4003,29-01-2026,Registered,Present
6026,1090,4003,03-02-2026,Registered,Present
6027,1101,4003,31-01-2026,Registered,Present
6028,1112,4003,28-01-2026,Registered,Present
6029,1003,4003,02-02-2026,Registered,Present
6030,1014,4003,30-01-2026,Registered,Present
6031,1052,4004,14-02-2026,Registered,Absent
6032,1063,4004,11-02-2026,Registered,Present
6033,1074,4004,16-02-2026,Registered,Absent
6034,1085,4004,13-02-2026,Registered,Present
6035,1096,4004,10-02-2026,Registered,Absent
6036,1107,4004,15-02-2026,Registered,Present
6037,1118,4004,12-02-2026,Registered,Absent
6038,1009,4004,17-02-2026,Registered,Present
6039,1020,4004,14-02-2026,Registered,Absent
6040,1031,4004,11-02-2026,Registered,Present
6041,1069,4005,27-02-2026,Registered,Present
6042,1080,4005,24-02-2026,Registered,Present
6043,1091,4005,01-03-2026,Registered,Present
6044,1102,4005,26-02-2026,Registered,Present
6045,1113,4005,03-03-2026,Registered,Present
6046,1004,4005,28-02-2026,Registered,Present
6047,1015,4005,25-02-2026,Registered,Present
6048,1026,4005,02-03-2026,Registered,Present
6049,1037,4005,27-02-2026,Registered,Present
6050,1048,4005,24-02-2026,Registered,Present
6051,1086,4006,13-03-2026,Registered,Present
6052,1097,4006,18-03-2026,Registered,Present
6053,1108,4006,15-03-2026,Registered,Present
6054,1119,4006,12-03-2026,Registered,Present
6055,1010,4006,17-03-2026,Registered,Present
6056,1021,4006,14-03-2026,Registered,Present
6057,1032,4006,11-03-2026,Registered,Present
6058,1043,4006,16-03-2026,Registered,Present
6059,1054,4006,13-03-2026,Registered,Present
6060,1065,4006,18-03-2026,Registered,Present
6061,1103,4007,03-04-2026,Registered,Absent
6062,1114,4007,08-04-2026,Registered,Present
6063,1005,4007,05-04-2026,Registered,Absent
6064,1016,4007,02-04-2026,Registered,Present
6065,1027,4007,07-04-2026,Registered,Absent
6066,1038,4007,04-04-2026,Registered,Present
6067,1049,4007,09-04-2026,Registered,Absent
6068,1060,4007,06-04-2026,Registered,Present
6069,1071,4007,03-04-2026,Registered,Absent
6070,1082,4007,08-04-2026,Registered,Present
6071,1120,4008,28-04-2026,Registered,Present
6072,1011,4008,03-05-2026,Registered,Present
6073,1022,4008,30-04-2026,Registered,Present
6074,1033,4008,05-05-2026,Registered,Present
6075,1044,4008,02-05-2026,Registered,Present
6076,1055,4008,29-04-2026,Registered,Present
6077,1066,4008,04-05-2026,Registered,Present
6078,1077,4008,01-05-2026,Registered,Present
6079,1088,4008,28-04-2026,Registered,Present
6080,1099,4008,03-05-2026,Registered,Present
6081,1017,4009,11-06-2026,Registered,Present
6082,1028,4009,08-06-2026,Registered,Absent
6083,1039,4009,05-06-2026,Registered,Present
6084,1050,4009,10-06-2026,Registered,Absent
6085,1061,4009,07-06-2026,Registered,Present
6086,1072,4009,04-06-2026,Registered,Absent
6087,1083,4009,09-06-2026,Registered,Present
6088,1094,4009,06-06-2026,Registered,Absent
6089,1105,4009,11-06-2026,Registered,Present
6090,1116,4009,08-06-2026,Registered,Absent
6091,1034,4010,01-07-2026,Registered,Present
6092,1045,4010,28-06-2026,Registered,Present
6093,1056,4010,25-06-2026,Registered,Present
6094,1067,4010,30-06-2026,Registered,Present
6095,1078,4010,27-06-2026,Registered,Present
6096,1089,4010,02-07-2026,Registered,Present
6097,1100,4010,29-06-2026,Registered,Present
6098,1111,4010,26-06-2026,Registered,Present
6099,1002,4010,01-07-2026,Registered,Present
6100,1013,4010,28-06-2026,Registered,Present
6101,1051,4011,17-01-2026,Registered,Present
6102,1062,4011,14-01-2026,Registered,Present
6103,1073,4011,19-01-2026,Registered,Present
6104,1084,4011,16-01-2026,Registered,Present
6105,1095,4011,13-01-2026,Registered,Present
6106,1106,4011,18-01-2026,Registered,Present
6107,1117,4011,15-01-2026,Registered,Present
6108,1008,4011,12-01-2026,Registered,Present
6109,1019,4011,17-01-2026,Registered,Present
6110,1030,4011,14-01-2026,Registered,Present
6111,1068,4012,30-01-2026,Registered,Present
6112,1079,4012,27-01-2026,Registered,Absent
6113,1090,4012,01-02-2026,Registered,Present
6114,1101,4012,29-01-2026,Registered,Absent
6115,1112,4012,26-01-2026,Registered,Present
6116,1003,4012,31-01-2026,Registered,Absent
6117,1014,4012,28-01-2026,Registered,Present
6118,1025,4012,02-02-2026,Registered,Absent
6119,1036,4012,30-01-2026,Registered,Present
6120,1047,4012,27-01-2026,Cancelled,Absent
6121,1085,4013,15-02-2026,Registered,Present
6122,1096,4013,12-02-2026,Registered,Present
6123,1107,4013,17-02-2026,Registered,Present
6124,1118,4013,14-02-2026,Registered,Present
6125,1009,4013,19-02-2026,Registered,Present
6126,1020,4013,16-02-2026,Registered,Present
6127,1031,4013,13-02-2026,Registered,Present
6128,1042,4013,18-02-2026,Registered,Present
6129,1053,4013,15-02-2026,Cancelled,Absent
6130,1064,4013,12-02-2026,Registered,Present
6131,1102,4014,28-02-2026,Registered,Absent
6132,1113,4014,05-03-2026,Registered,Present
6133,1004,4014,02-03-2026,Registered,Absent
6134,1015,4014,27-02-2026,Registered,Present
6135,1026,4014,04-03-2026,Registered,Absent
6136,1037,4014,01-03-2026,Registered,Present
6137,1048,4014,26-02-2026,Registered,Absent
6138,1059,4014,03-03-2026,Cancelled,Absent
6139,1070,4014,28-02-2026,Registered,Absent
6140,1081,4014,05-03-2026,Registered,Present
6141,1119,4015,17-03-2026,Registered,Present
6142,1010,4015,22-03-2026,Registered,Present
6143,1021,4015,19-03-2026,Registered,Present
6144,1032,4015,16-03-2026,Registered,Present
6145,1043,4015,21-03-2026,Registered,Present
6146,1054,4015,18-03-2026,Registered,Present
6147,1065,4015,23-03-2026,Cancelled,Absent
6148,1076,4015,20-03-2026,Registered,Present
6149,1087,4015,17-03-2026,Registered,Present
6150,1098,4015,22-03-2026,Registered,Present
6151,1016,4016,06-04-2026,Registered,Present
6152,1027,4016,11-04-2026,Registered,Present
6153,1038,4016,08-04-2026,Registered,Present
6154,1049,4016,13-04-2026,Registered,Present
6155,1060,4016,10-04-2026,Registered,Present
6156,1071,4016,07-04-2026,Cancelled,Absent
6157,1082,4016,12-04-2026,Registered,Present
6158,1093,4016,09-04-2026,Registered,Present
6159,1104,4016,06-04-2026,Registered,Present
6160,1115,4016,11-04-2026,Registered,Present
6161,1033,4017,07-05-2026,Registered,Absent
6162,1044,4017,04-05-2026,Registered,Present
6163,1055,4017,01-05-2026,Registered,Absent
6164,1066,4017,06-05-2026,Registered,Present
6165,1077,4017,03-05-2026,Cancelled,Absent
6166,1088,4017,30-04-2026,Registered,Present
6167,1099,4017,05-05-2026,Registered,Absent
6168,1110,4017,02-05-2026,Registered,Present
6169,1001,4017,07-05-2026,Registered,Absent
6170,1012,4017,04-05-2026,Registered,Present
6171,1050,4018,03-06-2026,Registered,Present
6172,1061,4018,31-05-2026,Registered,Present
6173,1072,4018,28-05-2026,Registered,Present
6174,1083,4018,02-06-2026,Cancelled,Absent
6175,1094,4018,30-05-2026,Registered,Present
6176,1105,4018,04-06-2026,Registered,Present
6177,1116,4018,01-06-2026,Registered,Present
6178,1007,4018,29-05-2026,Registered,Present
6179,1018,4018,03-06-2026,Registered,Present
6180,1029,4018,31-05-2026,Registered,Present
6181,1067,4019,23-06-2026,Registered,Present
6182,1078,4019,20-06-2026,Registered,Absent
6183,1089,4019,25-06-2026,Cancelled,Absent
6184,1100,4019,22-06-2026,Registered,Absent
6185,1111,4019,19-06-2026,Registered,Present
6186,1002,4019,24-06-2026,Registered,Absent
6187,1013,4019,21-06-2026,Registered,Present
6188,1024,4019,18-06-2026,Registered,Absent
6189,1035,4019,23-06-2026,Registered,Present
6190,1046,4019,20-06-2026,Registered,Absent
6191,1084,4020,13-07-2026,Registered,Present
6192,1095,4020,10-07-2026,Cancelled,Absent
6193,1106,4020,15-07-2026,Registered,Present
6194,1117,4020,12-07-2026,Registered,Present
6195,1008,4020,09-07-2026,Registered,Present
6196,1019,4020,14-07-2026,Registered,Present
6197,1030,4020,11-07-2026,Registered,Present
6198,1041,4020,16-07-2026,Registered,Present
6199,1052,4020,13-07-2026,Registered,Present
6200,1063,4020,10-07-2026,Registered,Present
6201,1101,4021,23-01-2026,Cancelled,Absent
6202,1112,4021,20-01-2026,Registered,Present
6203,1003,4021,25-01-2026,Registered,Present
6204,1014,4021,22-01-2026,Registered,Present
6205,1025,4021,27-01-2026,Registered,Present
6206,1036,4021,24-01-2026,Registered,Present
6207,1047,4021,21-01-2026,Registered,Present
6208,1058,4021,26-01-2026,Registered,Present
6209,1069,4021,23-01-2026,Registered,Present
6210,1080,4021,20-01-2026,Registered,Present
6211,1118,4022,06-02-2026,Registered,Present
6212,1009,4022,11-02-2026,Registered,Absent
6213,1020,4022,08-02-2026,Registered,Present
6214,1031,4022,05-02-2026,Registered,Absent
6215,1042,4022,10-02-2026,Registered,Present
6216,1053,4022,07-02-2026,Registered,Absent
6217,1064,4022,04-02-2026,Registered,Present
6218,1075,4022,09-02-2026,Registered,Absent
6219,1086,4022,06-02-2026,Registered,Present
6220,1097,4022,11-02-2026,Registered,Absent
6221,1015,4023,20-02-2026,Registered,Present
6222,1026,4023,25-02-2026,Registered,Present
6223,1037,4023,22-02-2026,Registered,Present
6224,1048,4023,19-02-2026,Registered,Present
6225,1059,4023,24-02-2026,Registered,Present
6226,1070,4023,21-02-2026,Registered,Present
6227,1081,4023,26-02-2026,Registered,Present
6228,1092,4023,23-02-2026,Registered,Present
6229,1103,4023,20-02-2026,Registered,Present
6230,1114,4023,25-02-2026,Registered,Present
6231,1032,4024,04-03-2026,Registered,Absent
6232,1043,4024,09-03-2026,Registered,Present
6233,1054,4024,06-03-2026,Registered,Absent
6234,1065,4024,11-03-2026,Registered,Present
6235,1076,4024,08-03-2026,Registered,Absent
6236,1087,4024,05-03-2026,Registered,Present
6237,1098,4024,10-03-2026,Registered,Absent
6238,1109,4024,07-03-2026,Registered,Present
6239,1120,4024,04-03-2026,Registered,Absent
6240,1011,4024,09-03-2026,Registered,Present
6241,1049,4025,29-03-2026,Registered,Present
6242,1060,4025,26-03-2026,Registered,Present
6243,1071,4025,23-03-2026,Registered,Present
6244,1082,4025,28-03-2026,Registered,Present
6245,1093,4025,25-03-2026,Registered,Present
6246,1104,4025,22-03-2026,Registered,Present
6247,1115,4025,27-03-2026,Registered,Present
6248,1006,4025,24-03-2026,Registered,Present
6249,1017,4025,29-03-2026,Registered,Present
6250,1028,4025,26-03-2026,Registered,Present
6251,1066,4026,20-04-2026,Registered,Present
6252,1077,4026,17-04-2026,Registered,Present
6253,1088,4026,14-04-2026,Registered,Present
6254,1099,4026,19-04-2026,Registered,Present
6255,1110,4026,16-04-2026,Registered,Present
6256,1001,4026,21-04-2026,Registered,Present
6257,1012,4026,18-04-2026,Registered,Present
6258,1023,4026,15-04-2026,Registered,Present
6259,1034,4026,20-04-2026,Registered,Present
6260,1045,4026,17-04-2026,Registered,Present
6261,1083,4027,12-05-2026,Registered,Absent
6262,1094,4027,09-05-2026,Registered,Present
6263,1105,4027,14-05-2026,Registered,Absent
6264,1116,4027,11-05-2026,Registered,Present
6265,1007,4027,08-05-2026,Registered,Absent
6266,1018,4027,13-05-2026,Registered,Present
6267,1029,4027,10-05-2026,Registered,Absent
6268,1040,4027,07-05-2026,Registered,Present
6269,1051,4027,12-05-2026,Registered,Absent
6270,1062,4027,09-05-2026,Registered,Present
6271,1100,4028,06-06-2026,Registered,Present
6272,1111,4028,03-06-2026,Registered,Present
6273,1002,4028,08-06-2026,Registered,Present
6274,1013,4028,05-06-2026,Registered,Present
6275,1024,4028,02-06-2026,Registered,Present
6276,1035,4028,07-06-2026,Registered,Present
6277,1046,4028,04-06-2026,Registered,Present
6278,1057,4028,09-06-2026,Registered,Present
6279,1068,4028,06-06-2026,Registered,Present
6280,1079,4028,03-06-2026,Registered,Present
6281,1117,4029,26-06-2026,Registered,Present
6282,1008,4029,23-06-2026,Registered,Absent
6283,1019,4029,28-06-2026,Registered,Present
6284,1030,4029,25-06-2026,Registered,Absent
6285,1041,4029,30-06-2026,Registered,Present
6286,1052,4029,27-06-2026,Registered,Absent
6287,1063,4029,24-06-2026,Registered,Present
6288,1074,4029,29-06-2026,Registered,Absent
6289,1085,4029,26-06-2026,Registered,Present
6290,1096,4029,23-06-2026,Registered,Absent
6291,1014,4030,18-07-2026,Registered,Present
6292,1025,4030,23-07-2026,Registered,Present
6293,1036,4030,20-07-2026,Registered,Present
6294,1047,4030,17-07-2026,Registered,Present
6295,1058,4030,22-07-2026,Registered,Present
6296,1069,4030,19-07-2026,Registered,Present
6297,1080,4030,16-07-2026,Registered,Present
6298,1091,4030,21-07-2026,Registered,Present
6299,1102,4030,18-07-2026,Registered,Present
6300,1113,4030,23-07-2026,Registered,Present
6301,1031,4031,23-01-2026,Registered,Present
6302,1042,4031,28-01-2026,Registered,Present
6303,1053,4031,25-01-2026,Registered,Present
6304,1064,4031,22-01-2026,Registered,Present
6305,1075,4031,27-01-2026,Registered,Present
6306,1086,4031,24-01-2026,Registered,Present
6307,1097,4031,29-01-2026,Registered,Present
6308,1108,4031,26-01-2026,Registered,Present
6309,1119,4031,23-01-2026,Registered,Present
6310,1010,4031,28-01-2026,Registered,Present
6311,1048,4032,08-02-2026,Registered,Present
6312,1059,4032,13-02-2026,Registered,Absent
6313,1070,4032,10-02-2026,Registered,Present
6314,1081,4032,15-02-2026,Registered,Absent
6315,1092,4032,12-02-2026,Registered,Present
6316,1103,4032,09-02-2026,Registered,Absent
6317,1114,4032,14-02-2026,Registered,Present
6318,1005,4032,11-02-2026,Registered,Absent
6319,1016,4032,08-02-2026,Registered,Present
6320,1027,4032,13-02-2026,Cancelled,Absent
6321,1065,4033,02-03-2026,Registered,Present
6322,1076,4033,27-02-2026,Registered,Present
6323,1087,4033,24-02-2026,Registered,Present
6324,1098,4033,01-03-2026,Registered,Present
6325,1109,4033,26-02-2026,Registered,Present
6326,1120,4033,23-02-2026,Registered,Present
6327,1011,4033,28-02-2026,Registered,Present
6328,1022,4033,25-02-2026,Registered,Present
6329,1033,4033,02-03-2026,Cancelled,Absent
6330,1044,4033,27-02-2026,Registered,Present
6331,1082,4034,18-03-2026,Registered,Absent
6332,1093,4034,15-03-2026,Registered,Present
6333,1104,4034,12-03-2026,Registered,Absent
6334,1115,4034,17-03-2026,Registered,Present
6335,1006,4034,14-03-2026,Registered,Absent
6336,1017,4034,19-03-2026,Registered,Present
6337,1028,4034,16-03-2026,Registered,Absent
6338,1039,4034,13-03-2026,Cancelled,Absent
6339,1050,4034,18-03-2026,Registered,Absent
6340,1061,4034,15-03-2026,Registered,Present
6341,1099,4035,05-04-2026,Registered,Present
6342,1110,4035,02-04-2026,Registered,Present
6343,1001,4035,07-04-2026,Registered,Present
6344,1012,4035,04-04-2026,Registered,Present
6345,1023,4035,01-04-2026,Registered,Present
6346,1034,4035,06-04-2026,Registered,Present
6347,1045,4035,03-04-2026,Cancelled,Absent
6348,1056,4035,31-03-2026,Registered,Present
6349,1067,4035,05-04-2026,Registered,Present
6350,1078,4035,02-04-2026,Registered,Present
6351,1116,4036,24-04-2026,Registered,Present
6352,1007,4036,21-04-2026,Registered,Present
6353,1018,4036,26-04-2026,Registered,Present
6354,1029,4036,23-04-2026,Registered,Present
6355,1040,4036,20-04-2026,Registered,Present
6356,1051,4036,25-04-2026,Cancelled,Absent
6357,1062,4036,22-04-2026,Registered,Present
6358,1073,4036,27-04-2026,Registered,Present
6359,1084,4036,24-04-2026,Registered,Present
6360,1095,4036,21-04-2026,Registered,Present
6361,1013,4037,15-05-2026,Registered,Absent
6362,1024,4037,12-05-2026,Registered,Present
6363,1035,4037,17-05-2026,Registered,Absent
6364,1046,4037,14-05-2026,Registered,Present
6365,1057,4037,19-05-2026,Cancelled,Absent
6366,1068,4037,16-05-2026,Registered,Present
6367,1079,4037,13-05-2026,Registered,Absent
6368,1090,4037,18-05-2026,Registered,Present
6369,1101,4037,15-05-2026,Registered,Absent
6370,1112,4037,12-05-2026,Registered,Present
6371,1030,4038,12-06-2026,Registered,Present
6372,1041,4038,17-06-2026,Registered,Present
6373,1052,4038,14-06-2026,Registered,Present
6374,1063,4038,11-06-2026,Cancelled,Absent
6375,1074,4038,16-06-2026,Registered,Present
6376,1085,4038,13-06-2026,Registered,Present
6377,1096,4038,10-06-2026,Registered,Present
6378,1107,4038,15-06-2026,Registered,Present
6379,1118,4038,12-06-2026,Registered,Present
6380,1009,4038,17-06-2026,Registered,Present
6381,1047,4039,01-07-2026,Registered,Present
6382,1058,4039,06-07-2026,Registered,Absent
6383,1069,4039,03-07-2026,Cancelled,Absent
6384,1080,4039,30-06-2026,Registered,Absent
6385,1091,4039,05-07-2026,Registered,Present
6386,1102,4039,02-07-2026,Registered,Absent
6387,1113,4039,07-07-2026,Registered,Present
6388,1004,4039,04-07-2026,Registered,Absent
6389,1015,4039,01-07-2026,Registered,Present
6390,1026,4039,06-07-2026,Registered,Absent
6391,1064,4040,24-07-2026,Registered,Present
6392,1075,4040,29-07-2026,Cancelled,Absent
6393,1086,4040,26-07-2026,Registered,Present
6394,1097,4040,31-07-2026,Registered,Present
6395,1108,4040,28-07-2026,Registered,Present
6396,1119,4040,25-07-2026,Registered,Present
6397,1010,4040,30-07-2026,Registered,Present
6398,1021,4040,27-07-2026,Registered,Present
6399,1032,4040,24-07-2026,Registered,Present
6400,1043,4040,29-07-2026,Registered,Present
6401,1081,4041,24-01-2026,Cancelled,Absent
6402,1092,4041,21-01-2026,Registered,Present
6403,1103,4041,18-01-2026,Registered,Present
6404,1114,4041,23-01-2026,Registered,Present
6405,1005,4041,20-01-2026,Registered,Present
6406,1016,4041,17-01-2026,Registered,Present
6407,1027,4041,22-01-2026,Registered,Present
6408,1038,4041,19-01-2026,Registered,Present
6409,1049,4041,24-01-2026,Registered,Present
6410,1060,4041,21-01-2026,Registered,Present
6411,1098,4042,07-02-2026,Registered,Present
6412,1109,4042,04-02-2026,Registered,Absent
6413,1120,4042,01-02-2026,Registered,Present
6414,1011,4042,06-02-2026,Registered,Absent
6415,1022,4042,03-02-2026,Registered,Present
6416,1033,4042,08-02-2026,Registered,Absent
6417,1044,4042,05-02-2026,Registered,Present
6418,1055,4042,02-02-2026,Registered,Absent
6419,1066,4042,07-02-2026,Registered,Present
6420,1077,4042,04-02-2026,Registered,Absent
6421,1115,4043,22-02-2026,Registered,Present
6422,1006,4043,19-02-2026,Registered,Present
6423,1017,4043,24-02-2026,Registered,Present
6424,1028,4043,21-02-2026,Registered,Present
6425,1039,4043,18-02-2026,Registered,Present
6426,1050,4043,23-02-2026,Registered,Present
6427,1061,4043,20-02-2026,Registered,Present
6428,1072,4043,17-02-2026,Registered,Present
6429,1083,4043,22-02-2026,Registered,Present
6430,1094,4043,19-02-2026,Registered,Present
6431,1012,4044,11-03-2026,Registered,Absent
6432,1023,4044,08-03-2026,Registered,Present
6433,1034,4044,13-03-2026,Registered,Absent
6434,1045,4044,10-03-2026,Registered,Present
6435,1056,4044,07-03-2026,Registered,Absent
6436,1067,4044,12-03-2026,Registered,Present
6437,1078,4044,09-03-2026,Registered,Absent
6438,1089,4044,14-03-2026,Registered,Present
6439,1100,4044,11-03-2026,Registered,Absent
6440,1111,4044,08-03-2026,Registered,Present
6441,1029,4045,29-03-2026,Registered,Present
6442,1040,4045,26-03-2026,Registered,Present
6443,1051,4045,31-03-2026,Registered,Present
6444,1062,4045,28-03-2026,Registered,Present
6445,1073,4045,02-04-2026,Registered,Present
6446,1084,4045,30-03-2026,Registered,Present
6447,1095,4045,27-03-2026,Registered,Present
6448,1106,4045,01-04-2026,Registered,Present
6449,1117,4045,29-03-2026,Registered,Present
6450,1008,4045,26-03-2026,Registered,Present
6451,1046,4046,12-04-2026,Registered,Present
6452,1057,4046,17-04-2026,Registered,Present
6453,1068,4046,14-04-2026,Registered,Present
6454,1079,4046,11-04-2026,Registered,Present
6455,1090,4046,16-04-2026,Registered,Present
6456,1101,4046,13-04-2026,Registered,Present
6457,1112,4046,10-04-2026,Registered,Present
6458,1003,4046,15-04-2026,Registered,Present
6459,1014,4046,12-04-2026,Registered,Present
6460,1025,4046,17-04-2026,Registered,Present
6461,1063,4047,05-05-2026,Registered,Absent
6462,1074,4047,10-05-2026,Registered,Present
6463,1085,4047,07-05-2026,Registered,Absent
6464,1096,4047,04-05-2026,Registered,Present
6465,1107,4047,09-05-2026,Registered,Absent
6466,1118,4047,06-05-2026,Registered,Present
6467,1009,4047,11-05-2026,Registered,Absent
6468,1020,4047,08-05-2026,Registered,Present
6469,1031,4047,05-05-2026,Registered,Absent
6470,1042,4047,10-05-2026,Registered,Present
6471,1080,4048,26-05-2026,Registered,Present
6472,1091,4048,31-05-2026,Registered,Present
6473,1102,4048,28-05-2026,Registered,Present
6474,1113,4048,02-06-2026,Registered,Present
6475,1004,4048,30-05-2026,Registered,Present
6476,1015,4048,27-05-2026,Registered,Present
6477,1026,4048,01-06-2026,Registered,Present
6478,1037,4048,29-05-2026,Registered,Present
6479,1048,4048,26-05-2026,Registered,Present
6480,1059,4048,31-05-2026,Registered,Present
6481,1097,4049,29-06-2026,Registered,Present
6482,1108,4049,26-06-2026,Registered,Absent
6483,1119,4049,23-06-2026,Registered,Present
6484,1010,4049,28-06-2026,Registered,Absent
6485,1021,4049,25-06-2026,Registered,Present
6486,1032,4049,22-06-2026,Registered,Absent
6487,1043,4049,27-06-2026,Registered,Present
6488,1054,4049,24-06-2026,Registered,Absent
6489,1065,4049,29-06-2026,Registered,Present
6490,1076,4049,26-06-2026,Registered,Absent
6491,1114,4050,08-08-2026,Registered,Present
6492,1005,4050,05-08-2026,Registered,Present
6493,1016,4050,02-08-2026,Registered,Present
6494,1027,4050,07-08-2026,Registered,Present
6495,1038,4050,04-08-2026,Registered,Present
6496,1049,4050,09-08-2026,Registered,Present
6497,1060,4050,06-08-2026,Registered,Present
6498,1071,4050,03-08-2026,Registered,Present
6499,1082,4050,08-08-2026,Registered,Present
6500,1093,4050,05-08-2026,Registered,Present
6501,1011,4051,15-01-2026,Registered,Present
6502,1022,4051,12-01-2026,Registered,Present
6503,1033,4051,17-01-2026,Registered,Present
6504,1044,4051,14-01-2026,Registered,Present
6505,1055,4051,11-01-2026,Registered,Present
6506,1066,4051,16-01-2026,Registered,Present
6507,1077,4051,13-01-2026,Registered,Present
6508,1088,4051,10-01-2026,Registered,Present
6509,1099,4051,15-01-2026,Registered,Present
6510,1110,4051,12-01-2026,Registered,Present
6511,1028,4052,02-02-2026,Registered,Present
6512,1039,4052,30-01-2026,Registered,Absent
6513,1050,4052,04-02-2026,Registered,Present
6514,1061,4052,01-02-2026,Registered,Absent
6515,1072,4052,29-01-2026,Registered,Present
6516,1083,4052,03-02-2026,Registered,Absent
6517,1094,4052,31-01-2026,Registered,Present
6518,1105,4052,05-02-2026,Registered,Absent
6519,1116,4052,02-02-2026,Registered,Present
6520,1007,4052,30-01-2026,Cancelled,Absent
6521,1045,4053,18-02-2026,Registered,Present
6522,1056,4053,15-02-2026,Registered,Present
6523,1067,4053,20-02-2026,Registered,Present
6524,1078,4053,17-02-2026,Registered,Present
6525,1089,4053,22-02-2026,Registered,Present
6526,1100,4053,19-02-2026,Registered,Present
6527,1111,4053,16-02-2026,Registered,Present
6528,1002,4053,21-02-2026,Registered,Present
6529,1013,4053,18-02-2026,Cancelled,Absent
6530,1024,4053,15-02-2026,Registered,Present
6531,1062,4054,04-03-2026,Registered,Absent
6532,1073,4054,09-03-2026,Registered,Present
6533,1084,4054,06-03-2026,Registered,Absent
6534,1095,4054,03-03-2026,Registered,Present
6535,1106,4054,08-03-2026,Registered,Absent
6536,1117,4054,05-03-2026,Registered,Present
6537,1008,4054,02-03-2026,Registered,Absent
6538,1019,4054,07-03-2026,Cancelled,Absent
6539,1030,4054,04-03-2026,Registered,Absent
6540,1041,4054,09-03-2026,Registered,Present
6541,1079,4055,20-03-2026,Registered,Present
6542,1090,4055,25-03-2026,Registered,Present
6543,1101,4055,22-03-2026,Registered,Present
6544,1112,4055,19-03-2026,Registered,Present
6545,1003,4055,24-03-2026,Registered,Present
6546,1014,4055,21-03-2026,Registered,Present
6547,1025,4055,26-03-2026,Cancelled,Absent
6548,1036,4055,23-03-2026,Registered,Present
6549,1047,4055,20-03-2026,Registered,Present
6550,1058,4055,25-03-2026,Registered,Present
6551,1096,4056,08-04-2026,Registered,Present
6552,1107,4056,13-04-2026,Registered,Present
6553,1118,4056,10-04-2026,Registered,Present
6554,1009,4056,15-04-2026,Registered,Present
6555,1020,4056,12-04-2026,Registered,Present
6556,1031,4056,09-04-2026,Cancelled,Absent
6557,1042,4056,14-04-2026,Registered,Present
6558,1053,4056,11-04-2026,Registered,Present
6559,1064,4056,08-04-2026,Registered,Present
6560,1075,4056,13-04-2026,Registered,Present
6561,1113,4057,08-05-2026,Registered,Absent
6562,1004,4057,05-05-2026,Registered,Present
6563,1015,4057,02-05-2026,Registered,Absent
6564,1026,4057,07-05-2026,Registered,Present
6565,1037,4057,04-05-2026,Cancelled,Absent
6566,1048,4057,01-05-2026,Registered,Present
6567,1059,4057,06-05-2026,Registered,Absent
6568,1070,4057,03-05-2026,Registered,Present
6569,1081,4057,08-05-2026,Registered,Absent
6570,1092,4057,05-05-2026,Registered,Present
6571,1010,4058,14-06-2026,Registered,Present
6572,1021,4058,11-06-2026,Registered,Present
6573,1032,4058,08-06-2026,Registered,Present
6574,1043,4058,13-06-2026,Cancelled,Absent
6575,1054,4058,10-06-2026,Registered,Present
6576,1065,4058,15-06-2026,Registered,Present
6577,1076,4058,12-06-2026,Registered,Present
6578,1087,4058,09-06-2026,Registered,Present
6579,1098,4058,14-06-2026,Registered,Present
6580,1109,4058,11-06-2026,Registered,Present
6581,1027,4059,11-07-2026,Registered,Present
6582,1038,4059,08-07-2026,Registered,Absent
6583,1049,4059,13-07-2026,Cancelled,Absent
6584,1060,4059,10-07-2026,Registered,Absent
6585,1071,4059,07-07-2026,Registered,Present
6586,1082,4059,12-07-2026,Registered,Absent
6587,1093,4059,09-07-2026,Registered,Present
6588,1104,4059,06-07-2026,Registered,Absent
6589,1115,4059,11-07-2026,Registered,Present
6590,1006,4059,08-07-2026,Registered,Absent
6591,1044,4060,16-08-2026,Registered,Present
6592,1055,4060,13-08-2026,Cancelled,Absent
6593,1066,4060,18-08-2026,Registered,Present
6594,1077,4060,15-08-2026,Registered,Present
6595,1088,4060,12-08-2026,Registered,Present
6596,1099,4060,17-08-2026,Registered,Present
6597,1110,4060,14-08-2026,Registered,Present
6598,1001,4060,19-08-2026,Registered,Present
6599,1012,4060,16-08-2026,Registered,Present
6600,1023,4060,13-08-2026,Registered,Present
6601,1061,4061,16-01-2026,Cancelled,Absent
6602,1072,4061,13-01-2026,Registered,Present
6603,1083,4061,18-01-2026,Registered,Present
6604,1094,4061,15-01-2026,Registered,Present
6605,1105,4061,20-01-2026,Registered,Present
6606,1116,4061,17-01-2026,Registered,Present
6607,1007,4061,14-01-2026,Registered,Present
6608,1018,4061,19-01-2026,Registered,Present
6609,1029,4061,16-01-2026,Registered,Present
6610,1040,4061,13-01-2026,Registered,Present
6611,1078,4062,05-02-2026,Registered,Present
6612,1089,4062,10-02-2026,Registered,Absent
6613,1100,4062,07-02-2026,Registered,Present
6614,1111,4062,04-02-2026,Registered,Absent
6615,1002,4062,09-02-2026,Registered,Present
6616,1013,4062,06-02-2026,Registered,Absent
6617,1024,4062,03-02-2026,Registered,Present
6618,1035,4062,08-02-2026,Registered,Absent
6619,1046,4062,05-02-2026,Registered,Present
6620,1057,4062,10-02-2026,Registered,Absent
6621,1095,4063,19-02-2026,Registered,Present
6622,1106,4063,24-02-2026,Registered,Present
6623,1117,4063,21-02-2026,Registered,Present
6624,1008,4063,18-02-2026,Registered,Present
6625,1019,4063,23-02-2026,Registered,Present
6626,1030,4063,20-02-2026,Registered,Present
6627,1041,4063,25-02-2026,Registered,Present
6628,1052,4063,22-02-2026,Registered,Present
6629,1063,4063,19-02-2026,Registered,Present
6630,1074,4063,24-02-2026,Registered,Present
6631,1112,4064,09-03-2026,Registered,Absent
6632,1003,4064,14-03-2026,Registered,Present
6633,1014,4064,11-03-2026,Registered,Absent
6634,1025,4064,16-03-2026,Registered,Present
6635,1036,4064,13-03-2026,Registered,Absent
6636,1047,4064,10-03-2026,Registered,Present
6637,1058,4064,15-03-2026,Registered,Absent
6638,1069,4064,12-03-2026,Registered,Present
6639,1080,4064,09-03-2026,Registered,Absent
6640,1091,4064,14-03-2026,Registered,Present
6641,1009,4065,01-04-2026,Registered,Present
6642,1020,4065,29-03-2026,Registered,Present
6643,1031,4065,26-03-2026,Registered,Present
6644,1042,4065,31-03-2026,Registered,Present
6645,1053,4065,28-03-2026,Registered,Present
6646,1064,4065,25-03-2026,Registered,Present
6647,1075,4065,30-03-2026,Registered,Present
6648,1086,4065,27-03-2026,Registered,Present
6649,1097,4065,01-04-2026,Registered,Present
6650,1108,4065,29-03-2026,Registered,Present
6651,1026,4066,22-04-2026,Registered,Present
6652,1037,4066,19-04-2026,Registered,Present
6653,1048,4066,16-04-2026,Registered,Present
6654,1059,4066,21-04-2026,Registered,Present
6655,1070,4066,18-04-2026,Registered,Present
6656,1081,4066,23-04-2026,Registered,Present
6657,1092,4066,20-04-2026,Registered,Present
6658,1103,4066,17-04-2026,Registered,Present
6659,1114,4066,22-04-2026,Registered,Present
6660,1005,4066,19-04-2026,Registered,Present
6661,1043,4067,19-05-2026,Registered,Absent
6662,1054,4067,16-05-2026,Registered,Present
6663,1065,4067,21-05-2026,Registered,Absent
6664,1076,4067,18-05-2026,Registered,Present
6665,1087,4067,15-05-2026,Registered,Absent
6666,1098,4067,20-05-2026,Registered,Present
6667,1109,4067,17-05-2026,Registered,Absent
6668,1120,4067,14-05-2026,Registered,Present
6669,1011,4067,19-05-2026,Registered,Absent
6670,1022,4067,16-05-2026,Registered,Present
6671,1060,4068,07-06-2026,Registered,Present
6672,1071,4068,04-06-2026,Registered,Present
6673,1082,4068,09-06-2026,Registered,Present
6674,1093,4068,06-06-2026,Registered,Present
6675,1104,4068,03-06-2026,Registered,Present
6676,1115,4068,08-06-2026,Registered,Present
6677,1006,4068,05-06-2026,Registered,Present
6678,1017,4068,10-06-2026,Registered,Present
6679,1028,4068,07-06-2026,Registered,Present
6680,1039,4068,04-06-2026,Registered,Present
6681,1077,4069,25-07-2026,Registered,Present
6682,1088,4069,22-07-2026,Registered,Absent
6683,1099,4069,27-07-2026,Registered,Present
6684,1110,4069,24-07-2026,Registered,Absent
6685,1001,4069,29-07-2026,Registered,Present
6686,1012,4069,26-07-2026,Registered,Absent
6687,1023,4069,23-07-2026,Registered,Present
6688,1034,4069,28-07-2026,Registered,Absent
6689,1045,4069,25-07-2026,Registered,Present
6690,1056,4069,22-07-2026,Registered,Absent
6691,1094,4070,18-08-2026,Registered,Present
6692,1105,4070,23-08-2026,Registered,Present
6693,1116,4070,20-08-2026,Registered,Present
6694,1007,4070,17-08-2026,Registered,Present
6695,1018,4070,22-08-2026,Registered,Present
6696,1029,4070,19-08-2026,Registered,Present
6697,1040,4070,16-08-2026,Registered,Present
6698,1051,4070,21-08-2026,Registered,Present
6699,1062,4070,18-08-2026,Registered,Present
6700,1073,4070,23-08-2026,Registered,Present
6701,1111,4071,19-01-2026,Registered,Present
6702,1002,4071,24-01-2026,Registered,Present
6703,1013,4071,21-01-2026,Registered,Present
6704,1024,4071,18-01-2026,Registered,Present
6705,1035,4071,23-01-2026,Registered,Present
6706,1046,4071,20-01-2026,Registered,Present
6707,1057,4071,25-01-2026,Registered,Present
6708,1068,4071,22-01-2026,Registered,Present
6709,1079,4071,19-01-2026,Registered,Present
6710,1090,4071,24-01-2026,Registered,Present
6711,1008,4072,06-02-2026,Registered,Present
6712,1019,4072,11-02-2026,Registered,Absent
6713,1030,4072,08-02-2026,Registered,Present
6714,1041,4072,13-02-2026,Registered,Absent
6715,1052,4072,10-02-2026,Registered,Present
6716,1063,4072,07-02-2026,Registered,Absent
6717,1074,4072,12-02-2026,Registered,Present
6718,1085,4072,09-02-2026,Registered,Absent
6719,1096,4072,06-02-2026,Registered,Present
6720,1107,4072,11-02-2026,Cancelled,Absent
6721,1025,4073,04-03-2026,Registered,Present
6722,1036,4073,01-03-2026,Registered,Present
6723,1047,4073,26-02-2026,Registered,Present
6724,1058,4073,03-03-2026,Registered,Present
6725,1069,4073,28-02-2026,Registered,Present
6726,1080,4073,25-02-2026,Registered,Present
6727,1091,4073,02-03-2026,Registered,Present
6728,1102,4073,27-02-2026,Registered,Present
6729,1113,4073,04-03-2026,Cancelled,Absent
6730,1004,4073,01-03-2026,Registered,Present
6731,1042,4074,23-03-2026,Registered,Absent
6732,1053,4074,20-03-2026,Registered,Present
6733,1064,4074,17-03-2026,Registered,Absent
6734,1075,4074,22-03-2026,Registered,Present
6735,1086,4074,19-03-2026,Registered,Absent
6736,1097,4074,24-03-2026,Registered,Present
6737,1108,4074,21-03-2026,Registered,Absent
6738,1119,4074,18-03-2026,Cancelled,Absent
6739,1010,4074,23-03-2026,Registered,Absent
6740,1021,4074,20-03-2026,Registered,Present
6741,1059,4075,08-04-2026,Registered,Present
6742,1070,4075,05-04-2026,Registered,Present
6743,1081,4075,10-04-2026,Registered,Present
6744,1092,4075,07-04-2026,Registered,Present
6745,1103,4075,04-04-2026,Registered,Present
6746,1114,4075,09-04-2026,Registered,Present
6747,1005,4075,06-04-2026,Cancelled,Absent
6748,1016,4075,03-04-2026,Registered,Present
6749,1027,4075,08-04-2026,Registered,Present
6750,1038,4075,05-04-2026,Registered,Present
6751,1076,4076,30-04-2026,Registered,Present
6752,1087,4076,27-04-2026,Registered,Present
6753,1098,4076,02-05-2026,Registered,Present
6754,1109,4076,29-04-2026,Registered,Present
6755,1120,4076,26-04-2026,Registered,Present
6756,1011,4076,01-05-2026,Cancelled,Absent
6757,1022,4076,28-04-2026,Registered,Present
6758,1033,4076,03-05-2026,Registered,Present
6759,1044,4076,30-04-2026,Registered,Present
6760,1055,4076,27-04-2026,Registered,Present
6761,1093,4077,23-05-2026,Registered,Absent
6762,1104,4077,20-05-2026,Registered,Present
6763,1115,4077,25-05-2026,Registered,Absent
6764,1006,4077,22-05-2026,Registered,Present
6765,1017,4077,27-05-2026,Cancelled,Absent
6766,1028,4077,24-05-2026,Registered,Present
6767,1039,4077,21-05-2026,Registered,Absent
6768,1050,4077,26-05-2026,Registered,Present
6769,1061,4077,23-05-2026,Registered,Absent
6770,1072,4077,20-05-2026,Registered,Present
6771,1110,4078,14-06-2026,Registered,Present
6772,1001,4078,19-06-2026,Registered,Present
6773,1012,4078,16-06-2026,Registered,Present
6774,1023,4078,13-06-2026,Cancelled,Absent
6775,1034,4078,18-06-2026,Registered,Present
6776,1045,4078,15-06-2026,Registered,Present
6777,1056,4078,12-06-2026,Registered,Present
6778,1067,4078,17-06-2026,Registered,Present
6779,1078,4078,14-06-2026,Registered,Present
6780,1089,4078,19-06-2026,Registered,Present
6781,1007,4079,11-07-2026,Registered,Present
6782,1018,4079,16-07-2026,Registered,Absent
6783,1029,4079,13-07-2026,Cancelled,Absent
6784,1040,4079,10-07-2026,Registered,Absent
6785,1051,4079,15-07-2026,Registered,Present
6786,1062,4079,12-07-2026,Registered,Absent
6787,1073,4079,17-07-2026,Registered,Present
6788,1084,4079,14-07-2026,Registered,Absent
6789,1095,4079,11-07-2026,Registered,Present
6790,1106,4079,16-07-2026,Registered,Absent
6791,1024,4080,20-08-2026,Registered,Present
6792,1035,4080,25-08-2026,Cancelled,Absent
6793,1046,4080,22-08-2026,Registered,Present
6794,1057,4080,27-08-2026,Registered,Present
6795,1068,4080,24-08-2026,Registered,Present
6796,1079,4080,21-08-2026,Registered,Present
6797,1090,4080,26-08-2026,Registered,Present
6798,1101,4080,23-08-2026,Registered,Present
6799,1112,4080,20-08-2026,Registered,Present
6800,1003,4080,25-08-2026,Registered,Present
6801,1041,4081,28-01-2026,Cancelled,Absent
6802,1052,4081,25-01-2026,Registered,Present
6803,1063,4081,22-01-2026,Registered,Present
6804,1074,4081,27-01-2026,Registered,Present
6805,1085,4081,24-01-2026,Registered,Present
6806,1096,4081,21-01-2026,Registered,Present
6807,1107,4081,26-01-2026,Registered,Present
6808,1118,4081,23-01-2026,Registered,Present
6809,1009,4081,28-01-2026,Registered,Present
6810,1020,4081,25-01-2026,Registered,Present
6811,1058,4082,15-02-2026,Registered,Present
6812,1069,4082,12-02-2026,Registered,Absent
6813,1080,4082,09-02-2026,Registered,Present
6814,1091,4082,14-02-2026,Registered,Absent
6815,1102,4082,11-02-2026,Registered,Present
6816,1113,4082,16-02-2026,Registered,Absent
6817,1004,4082,13-02-2026,Registered,Present
6818,1015,4082,10-02-2026,Registered,Absent
6819,1026,4082,15-02-2026,Registered,Present
6820,1037,4082,12-02-2026,Registered,Absent
6821,1075,4083,04-03-2026,Registered,Present
6822,1086,4083,01-03-2026,Registered,Present
6823,1097,4083,06-03-2026,Registered,Present
6824,1108,4083,03-03-2026,Registered,Present
6825,1119,4083,28-02-2026,Registered,Present
6826,1010,4083,05-03-2026,Registered,Present
6827,1021,4083,02-03-2026,Registered,Present
6828,1032,4083,27-02-2026,Registered,Present
6829,1043,4083,04-03-2026,Registered,Present
6830,1054,4083,01-03-2026,Registered,Present
6831,1092,4084,24-03-2026,Registered,Absent
6832,1103,4084,21-03-2026,Registered,Present
6833,1114,4084,26-03-2026,Registered,Absent
6834,1005,4084,23-03-2026,Registered,Present
6835,1016,4084,20-03-2026,Registered,Absent
6836,1027,4084,25-03-2026,Registered,Present
6837,1038,4084,22-03-2026,Registered,Absent
6838,1049,4084,27-03-2026,Registered,Present
6839,1060,4084,24-03-2026,Registered,Absent
6840,1071,4084,21-03-2026,Registered,Present
6841,1109,4085,08-04-2026,Registered,Present
6842,1120,4085,05-04-2026,Registered,Present
6843,1011,4085,10-04-2026,Registered,Present
6844,1022,4085,07-04-2026,Registered,Present
6845,1033,4085,12-04-2026,Registered,Present
6846,1044,4085,09-04-2026,Registered,Present
6847,1055,4085,06-04-2026,Registered,Present
6848,1066,4085,11-04-2026,Registered,Present
6849,1077,4085,08-04-2026,Registered,Present
6850,1088,4085,05-04-2026,Registered,Present
6851,1006,4086,01-05-2026,Registered,Present
6852,1017,4086,06-05-2026,Registered,Present
6853,1028,4086,03-05-2026,Registered,Present
6854,1039,4086,30-04-2026,Registered,Present
6855,1050,4086,05-05-2026,Registered,Present
6856,1061,4086,02-05-2026,Registered,Present
6857,1072,4086,29-04-2026,Registered,Present
6858,1083,4086,04-05-2026,Registered,Present
6859,1094,4086,01-05-2026,Registered,Present
6860,1105,4086,06-05-2026,Registered,Present
6861,1023,4087,23-05-2026,Registered,Absent
6862,1034,4087,28-05-2026,Registered,Present
6863,1045,4087,25-05-2026,Registered,Absent
6864,1056,4087,22-05-2026,Registered,Present
6865,1067,4087,27-05-2026,Registered,Absent
6866,1078,4087,24-05-2026,Registered,Present
6867,1089,4087,29-05-2026,Registered,Absent
6868,1100,4087,26-05-2026,Registered,Present
6869,1111,4087,23-05-2026,Registered,Absent
6870,1002,4087,28-05-2026,Registered,Present
6871,1040,4088,17-06-2026,Registered,Present
6872,1051,4088,22-06-2026,Registered,Present
6873,1062,4088,19-06-2026,Registered,Present
6874,1073,4088,24-06-2026,Registered,Present
6875,1084,4088,21-06-2026,Registered,Present
6876,1095,4088,18-06-2026,Registered,Present
6877,1106,4088,23-06-2026,Registered,Present
6878,1117,4088,20-06-2026,Registered,Present
6879,1008,4088,17-06-2026,Registered,Present
6880,1019,4088,22-06-2026,Registered,Present
6881,1057,4089,20-07-2026,Registered,Present
6882,1068,4089,17-07-2026,Registered,Absent
6883,1079,4089,14-07-2026,Registered,Present
6884,1090,4089,19-07-2026,Registered,Absent
6885,1101,4089,16-07-2026,Registered,Present
6886,1112,4089,13-07-2026,Registered,Absent
6887,1003,4089,18-07-2026,Registered,Present
6888,1014,4089,15-07-2026,Registered,Absent
6889,1025,4089,20-07-2026,Registered,Present
6890,1036,4089,17-07-2026,Registered,Absent
6891,1074,4090,29-08-2026,Registered,Present
6892,1085,4090,26-08-2026,Registered,Present
6893,1096,4090,23-08-2026,Registered,Present
6894,1107,4090,28-08-2026,Registered,Present
6895,1118,4090,25-08-2026,Registered,Present
6896,1009,4090,30-08-2026,Registered,Present
6897,1020,4090,27-08-2026,Registered,Present
6898,1031,4090,24-08-2026,Registered,Present
6899,1042,4090,29-08-2026,Registered,Present
6900,1053,4090,26-08-2026,Registered,Present
6901,1091,4091,28-01-2026,Registered,Present
6902,1102,4091,25-01-2026,Registered,Present
6903,1113,4091,30-01-2026,Registered,Present
6904,1004,4091,27-01-2026,Registered,Present
6905,1015,4091,24-01-2026,Registered,Present
6906,1026,4091,29-01-2026,Registered,Present
6907,1037,4091,26-01-2026,Registered,Present
6908,1048,4091,23-01-2026,Registered,Present
6909,1059,4091,28-01-2026,Registered,Present
6910,1070,4091,25-01-2026,Registered,Present
6911,1108,4092,15-02-2026,Registered,Present
6912,1119,4092,12-02-2026,Registered,Absent
6913,1010,4092,17-02-2026,Registered,Present
6914,1021,4092,14-02-2026,Registered,Absent
6915,1032,4092,11-02-2026,Registered,Present
6916,1043,4092,16-02-2026,Registered,Absent
6917,1054,4092,13-02-2026,Registered,Present
6918,1065,4092,18-02-2026,Registered,Absent
6919,1076,4092,15-02-2026,Registered,Present
6920,1087,4092,12-02-2026,Cancelled,Absent
6921,1005,4093,04-03-2026,Registered,Present
6922,1016,4093,01-03-2026,Registered,Present
6923,1027,4093,06-03-2026,Registered,Present
6924,1038,4093,03-03-2026,Registered,Present
6925,1049,4093,08-03-2026,Registered,Present
6926,1060,4093,05-03-2026,Registered,Present
6927,1071,4093,02-03-2026,Registered,Present
6928,1082,4093,07-03-2026,Registered,Present
6929,1093,4093,04-03-2026,Cancelled,Absent
6930,1104,4093,01-03-2026,Registered,Present
6931,1022,4094,25-03-2026,Registered,Absent
6932,1033,4094,30-03-2026,Registered,Present
6933,1044,4094,27-03-2026,Registered,Absent
6934,1055,4094,24-03-2026,Registered,Present
6935,1066,4094,29-03-2026,Registered,Absent
6936,1077,4094,26-03-2026,Registered,Present
6937,1088,4094,23-03-2026,Registered,Absent
6938,1099,4094,28-03-2026,Cancelled,Absent
6939,1110,4094,25-03-2026,Registered,Absent
6940,1001,4094,30-03-2026,Registered,Present
6941,1039,4095,12-04-2026,Registered,Present
6942,1050,4095,17-04-2026,Registered,Present
6943,1061,4095,14-04-2026,Registered,Present
6944,1072,4095,11-04-2026,Registered,Present
6945,1083,4095,16-04-2026,Registered,Present
6946,1094,4095,13-04-2026,Registered,Present
6947,1105,4095,18-04-2026,Cancelled,Absent
6948,1116,4095,15-04-2026,Registered,Present
6949,1007,4095,12-04-2026,Registered,Present
6950,1018,4095,17-04-2026,Registered,Present
6951,1056,4096,06-05-2026,Registered,Present
6952,1067,4096,11-05-2026,Registered,Present
6953,1078,4096,08-05-2026,Registered,Present
6954,1089,4096,13-05-2026,Registered,Present
6955,1100,4096,10-05-2026,Registered,Present
6956,1111,4096,07-05-2026,Cancelled,Absent
6957,1002,4096,12-05-2026,Registered,Present
6958,1013,4096,09-05-2026,Registered,Present
6959,1024,4096,06-05-2026,Registered,Present
6960,1035,4096,11-05-2026,Registered,Present
6961,1073,4097,05-06-2026,Registered,Absent
6962,1084,4097,02-06-2026,Registered,Present
6963,1095,4097,30-05-2026,Registered,Absent
6964,1106,4097,04-06-2026,Registered,Present
6965,1117,4097,01-06-2026,Cancelled,Absent
6966,1008,4097,29-05-2026,Registered,Present
6967,1019,4097,03-06-2026,Registered,Absent
6968,1030,4097,31-05-2026,Registered,Present
6969,1041,4097,05-06-2026,Registered,Absent
6970,1052,4097,02-06-2026,Registered,Present
6971,1090,4098,25-06-2026,Registered,Present
6972,1101,4098,22-06-2026,Registered,Present
6973,1112,4098,19-06-2026,Registered,Present
6974,1003,4098,24-06-2026,Cancelled,Absent
6975,1014,4098,21-06-2026,Registered,Present
6976,1025,4098,26-06-2026,Registered,Present
6977,1036,4098,23-06-2026,Registered,Present
6978,1047,4098,20-06-2026,Registered,Present
6979,1058,4098,25-06-2026,Registered,Present
6980,1069,4098,22-06-2026,Registered,Present
6981,1107,4099,24-07-2026,Registered,Present
6982,1118,4099,21-07-2026,Registered,Absent
6983,1009,4099,26-07-2026,Cancelled,Absent
6984,1020,4099,23-07-2026,Registered,Absent
6985,1031,4099,20-07-2026,Registered,Present
6986,1042,4099,25-07-2026,Registered,Absent
6987,1053,4099,22-07-2026,Registered,Present
6988,1064,4099,19-07-2026,Registered,Absent
6989,1075,4099,24-07-2026,Registered,Present
6990,1086,4099,21-07-2026,Registered,Absent
6991,1004,4100,28-08-2026,Registered,Present
6992,1015,4100,25-08-2026,Cancelled,Absent
6993,1026,4100,30-08-2026,Registered,Present
6994,1037,4100,27-08-2026,Registered,Present
6995,1048,4100,24-08-2026,Registered,Present
6996,1059,4100,29-08-2026,Registered,Present
6997,1070,4100,26-08-2026,Registered,Present
6998,1081,4100,31-08-2026,Registered,Present
6999,1092,4100,28-08-2026,Registered,Present
7000,1103,4100,25-08-2026,Registered,Present
